´Ê,´ÊÆµ
#flashbots,513
#Flashbots,340
MEV,219
#MEV,152
ETH,85
mist,84
Flashbots,76
opensea,72
#Ethereum,67
Support,65
artist,65
grow,65
Shill,65
Shizzlebotz,65
#nftshill,65
#PolygonNFT,65
#openseaNFT,65
#mev,49
thegostep,49
transactions,47
gas,46
miners,41
MIST,41
#DeFi,40
Ethereum,39
team,39
bertcmiller,31
transaction,31
#FlashBots,29
#mistX,28
NFT,26
front,25
#riverfrontrocks,25
#ethereum,24
EST,24
running,23
#ETH,23
mint,22
mistXlabs,22
bloXrouteLabs,20
block,20
bots,20
RPC,20
users,20
#copper,20
private,19
contract,19
address,19
#crucible,19
Uniswap,18
community,18
#alchemist,18
mistX,18
people,17
week,17
NFTs,17
bundle,17
fees,17
bundles,17
time,17
#fll,17
mempool,16
fast,16
miner,16
minting,16
execution,16
validators,15
project,15
live,15
frontrunning,15
UTC,15
directly,14
thread,14
eth,14
Trader,14
app,14
scheduled,14
Choose,14
protection,14
chain,14
phildaian,14
flashbots,13
market,13
#crypto,13
user,13
space,13
DEX,13
low,13
#mistx,13
Boost,12
#eth,12
profit,12
day,12
attacks,12
crypto,12
future,12
#DEX,12
support,12
pools,12
#MistX,12
sanctions,11
trading,11
SaveToNotion,11
top,11
token,11
VitalikButerin,11
Merge,11
Join,11
cool,11
article,11
Protect,11
video,11
send,11
Check,11
competition,11
#alchemistcoin,11
ObadiaAlex,11
CEO,10
complying,10
#Crypto,10
projects,10
blocks,10
boost,10
#Blockchain,10
sandwich,10
network,10
mev,10
Dark,10
talk,10
Extractable,10
#arbitrage,10
#NFT,10
Alchemist,10
#samiches,10
LeaksBlockchain,10
#smartcontracts,10
#Labrys,9
Labrys,9
arbitrage,9
Crypto,9
Forest,9
public,9
profits,9
solutions,9
txs,9
journey,9
price,9
nethermindeth,9
prices,9
#defi,9
real,9
#mist,9
Mist,9
EIP,9
#RiverfrontRocks,9
protocol,8
bot,8
#thread,8
data,8
pay,8
negative,8
fee,8
Gas,8
auction,8
pool,8
hasufl,8
YouTube,8
trades,8
ready,8
save,8
protect,8
collective,8
#FLASHBOTS,8
set,8
ethereum,8
#uniswap,8
#GoFlashes,8
Read,7
share,7
WETH,7
traders,7
EdenNetwork,7
org,7
API,7
merge,7
PoS,7
level,7
searchers,7
blockchain,7
fair,7
topic,7
increase,7
free,7
hat,7
MOONKE,7
coin,7
extract,7
Huge,7
DeFi,7
trade,7
geth,7
#blockchain,7
discord,7
tool,7
epheph,7
sharing,7
MEVprotection,7
#NFTs,7
drop,7
single,7
lot,7
#DeFiNews,7
MetaMask,7
Radio,7
#POAP,7
days,7
#darkforest,7
#MEVboostrelay,6
post,6
change,6
amazing,6
won,6
hour,6
hacker,6
flow,6
issue,6
add,6
build,6
isn,6
sandwiched,6
development,6
relay,6
system,6
create,6
PGA,6
bid,6
Congrats,6
discussion,6
#TheMerge,6
externalities,6
transparency,6
revenue,6
prevent,6
tzhen,6
test,6
white,6
tkstanczak,6
xPolygon,6
huge,6
swaps,6
arb,6
wallet,6
funds,6
Eth,6
channel,6
based,6
dark,6
adoption,6
mined,6
paper,6
Phil,6
#Alchemist,6
#FlashDEX,6
care,6
#flashdex,6
#miners,6
Chico,6
multiple,6
DefiantNews,6
#censorship,5
source,5
censorship,5
staking,5
Tornado,5
Cash,5
called,5
#CryptoNews,5
caused,5
DAI,5
validator,5
rewards,5
centralization,5
learn,5
mitigate,5
bidding,5
arbitrum,5
link,5
tomorrow,5
event,5
bloXroute,5
security,5
created,5
solve,5
extraction,5
access,5
Maximal,5
techniques,5
building,5
understand,5
job,5
por,5
built,5
sobre,5
story,5
holders,5
client,5
starting,5
limit,5
extractable,5
step,5
kristofgazso,5
process,5
experience,5
attention,5
platform,5
explain,5
excited,5
launch,5
paradigm,5
solution,5
tokens,5
feature,5
BOT,5
usage,5
#Uniswap,5
Video,5
increased,5
bad,5
Stay,5
Layer,5
love,5
failed,5
release,5
uni,5
integrate,5
Crucible,5
POAP,5
sleep,5
fun,5
lower,5
money,5
report,5
mining,5
ETHGlobal,5
merging,5
Community,5
Call,5
Transparency,5
Dashboard,5
Award,5
raise,4
#yield,4
mind,4
code,4
tools,4
node,4
deposit,4
zeroXbrock,4
relays,4
biggest,4
trader,4
losing,4
robot,4
Blocknative,4
swap,4
adding,4
organization,4
Auctions,4
mechanism,4
teams,4
#mevboost,4
Twitter,4
mcutler,4
upcoming,4
#Cryptocurrency,4
bring,4
risk,4
PBS,4
application,4
con,4
searching,4
PoW,4
impact,4
explores,4
rabbit,4
hole,4
frens,4
hard,4
worth,4
default,4
DAO,4
Flash,4
researcher,4
tech,4
#MoonkeDEX,4
meme,4
Creating,4
random,4
benefit,4
#EIP,4
weekend,4
rescue,4
launches,4
ideas,4
guess,4
month,4
awesome,4
join,4
approach,4
liquidation,4
short,4
developing,4
income,4
endpoints,4
version,4
features,4
cost,4
Watch,4
game,4
Vienna,4
ago,4
night,4
design,4
Super,4
hear,4
slippage,4
liquidity,4
avoid,4
hours,4
brainstorming,4
specific,4
OilerNetwork,4
danrobinson,4
guys,4
guarantees,4
April,4
Learn,4
happening,4
forest,4
details,4
analysis,4
potential,4
quick,4
art,4
call,4
tuned,4
#sandwiched,4
released,4
Roast,4
idea,4
attack,4
ecosystem,4
transparent,4
CopperLaunch,4
gakonst,4
minted,4
close,4
growth,4
sharp,4
update,4
inside,4
sandwichedwtf,4
para,4
talking,4
#Copper,4
UNI,4
hudsonjameson,4
key,4
minute,4
Fiskantes,4
#Mistx,4
gasless,4
#dex,4
Miner,4
#gwei,4
#gasless,4
Project,4
hashrate,4
Alpha,4
round,4
Blue,4
Gold,4
Core,4
awareness,3
#Bitcoin,3
#OFAC,3
#BTC,3
neutral,3
shut,3
service,3
gain,3
relayer,3
lost,3
quantify,3
Searcher,3
hit,3
chart,3
surprise,3
USDT,3
USDC,3
win,3
blocknative,3
BloXroute,3
Eden,3
relayed,3
wrong,3
Centralization,3
reorder,3
didn,3
efficient,3
distributed,3
website,3
Relay,3
Priority,3
offers,3
sealed,3
coming,3
#Merge,3
#merge,3
main,3
Service,3
chainlink,3
MessariCrypto,3
twobitidiot,3
Starting,3
builder,3
upgrade,3
morning,3
collection,3
Geth,3
earned,3
server,3
finally,3
rescued,3
Proposer,3
Workshop,3
hosted,3
partner,3
status,3
quo,3
layer,3
metachris,3
concept,3
Tune,3
minds,3
wars,3
charla,3
joined,3
deep,3
technology,3
mitigating,3
Stephane,3
aka,3
write,3
simple,3
risks,3
creating,3
class,3
#MEVBoost,3
martes,3
Discord,3
txns,3
#trading,3
dashboard,3
opportunities,3
utilizing,3
clients,3
#copperlaunch,3
special,3
#Goerli,3
searcher,3
MarlinProtocol,3
incentive,3
improving,3
protected,3
consensus,3
#backrunning,3
core,3
devs,3
check,3
cover,3
months,3
products,3
fight,3
product,3
Jul,3
ethics,3
hope,3
compromised,3
advantage,3
bribes,3
usdt,3
start,3
Introducing,3
powered,3
bridge,3
max,3
likes,3
Time,3
Liquidity,3
MangataFinance,3
paid,3
shill,3
dev,3
bids,3
congestion,3
shared,3
insights,3
Jan,3
TrustlessState,3
Alchemy,3
traditional,3
sending,3
paying,3
confirmed,3
ROOK,3
bit,3
Day,3
privacy,3
DuneAnalytics,3
Maximum,3
MEVs,3
broadcast,3
Note,3
easy,3
resistance,3
#Web,3
mission,3
store,3
multi,3
browser,3
protocols,3
#Eth,3
Nice,3
cutting,3
happen,3
Thread,3
current,3
BalancerLabs,3
SushiSwap,3
explains,3
Explore,3
extracted,3
custom,3
house,3
victim,3
spatial,3
stolen,3
whitelist,3
tutorial,3
claim,3
fantastic,3
incentives,3
StarkWareLtd,3
WTF,3
lucky,3
earlier,3
frontrun,3
program,3
#BCLeaks,3
#ChicoCrypto,3
EtherGals,3
#nftart,3
Party,3
Congratulations,3
hold,3
mainnet,3
party,3
Sessions,3
gibrich,3
starts,3
Thursday,3
started,3
hottest,3
CrucibleNFT,3
follow,3
final,3
runners,3
wait,3
Robot,3
growing,3
wasn,3
total,3
Frontrunning,3
Wanna,3
crew,3
Drop,3
#alchemistradio,3
players,3
URozmej,3
piece,3
EdgarArout,3
vacation,3
included,3
supply,3
plan,3
inchNetwork,3
EGL,3
LidoFinance,3
utility,3
reason,3
weeks,3
#frontrunning,3
MMORPG,3
der,3
costs,3
forward,3
dex,3
session,3
count,3
#paradigm,3
OpenEthereumOrg,3
luck,3
#FLL,3
Values,3
tweets,2
validation,2
aux,2
Lachlan,2
Feeney,2
software,2
Attack,2
arbitrarily,2
respect,2
primary,2
les,2
Hasu,2
finale,2
gained,2
#Hacks,2
detect,2
decentralized,2
exchanges,2
active,2
delivering,2
Max,2
#Mining,2
#relay,2
execute,2
eliminate,2
chat,2
aimed,2
democratic,2
reading,2
complete,2
era,2
Builders,2
dominating,2
builders,2
seamlessly,2
happened,2
track,2
approaches,2
Fair,2
Auction,2
rights,2
Spaces,2
#Mainnet,2
teaser,2
specs,2
implications,2
left,2
joins,2
fire,2
#transactions,2
till,2
threshold,2
combined,2
connecting,2
Searchers,2
Block,2
aims,2
democratize,2
distribute,2
existential,2
reduce,2
Chain,2
evening,2
Builder,2
Separation,2
includes,2
Stanford,2
workshop,2
deserve,2
Reducing,2
trust,2
assumptions,2
tune,2
livestream,2
RyRy,2
reality,2
helped,2
#PoW,2
#PoS,2
algorithm,2
#pos,2
acerca,2
episode,2
dive,2
focus,2
Spotify,2
guide,2
ERC,2
Post,2
efficiency,2
Quantifying,2
scale,2
volume,2
regular,2
decrease,2
arose,2
Gosselin,2
BanklessHQ,2
speaking,2
company,2
ahead,2
Users,2
uriklarman,2
falls,2
LFG,2
tokenterminal,2
covered,2
function,2
Perfect,2
role,2
los,2
del,2
poco,2
las,2
Flashbot,2
EVM,2
Portuguese,2
kucoincom,2
#cryptocurrecy,2
matilote,2
diversity,2
#mainnet,2
feeling,2
#Polygon,2
Chainstack,2
race,2
Blockchain,2
options,2
#Blockdaemon,2
connect,2
Solutions,2
rebalancing,2
executed,2
Amazing,2
captured,2
USD,2
capable,2
orgs,2
centralized,2
comment,2
interact,2
Mempool,2
participants,2
require,2
noxx,2
xxon,2
discusses,2
implementing,2
rewarded,2
fork,2
account,2
officially,2
lead,2
pricing,2
plans,2
submitting,2
answered,2
gauntletnetwork,2
BanxaOfficial,2
secret,2
door,2
exploring,2
listen,2
#Solidity,2
links,2
Mining,2
#mempool,2
#FrontRunning,2
safe,2
Jun,2
attributes,2
introduction,2
apps,2
julien,2
improved,2
DODO,2
optimize,2
reducing,2
vast,2
gathered,2
markets,2
#liquidations,2
valuable,2
effects,2
communication,2
auctions,2
RyanSAdams,2
mevintern,2
competing,2
AlchemyPlatform,2
#alchemy,2
payment,2
jparyani,2
#tweet,2
blockchains,2
faster,2
Privacy,2
alpha,2
investing,2
buying,2
crucible,2
designed,2
introducing,2
#web,2
economy,2
DAOs,2
Square,2
soul,2
Circle,2
empower,2
logic,2
creation,2
amounts,2
#Solana,2
industry,2
intern,2
force,2
scaling,2
covers,2
Happy,2
outcome,2
doubt,2
EFDevconnect,2
FlashbotsFriendlyPopup,2
google,2
chrome,2
web,2
existing,2
DennisonBertram,2
Simple,2
#DEFI,2
liquidations,2
MakerDAO,2
easily,2
#cripto,2
este,2
#flashloans,2
coding,2
skills,2
instant,2
technical,2
hand,2
#blockchains,2
approved,2
finalist,2
demo,2
quicker,2
Feb,2
chance,2
successful,2
fails,2
lose,2
stealing,2
reminds,2
onewayfunction,2
Gonna,2
contributors,2
attackers,2
runs,2
hacked,2
assets,2
#UniswapV,2
RUG,2
repeat,2
Hey,2
gonna,2
sick,2
metamask,2
cancelling,2
docs,2
perspective,2
Source,2
power,2
practice,2
Polkadot,2
transfer,2
Mark,2
strategy,2
inspired,2
Tech,2
effective,2
uPeterKris,2
matchaxyz,2
issues,2
launching,2
Sandwiched,2
impressive,2
geniuses,2
Protocol,2
supportive,2
extra,2
reverted,2
permissionless,2
AMM,2
issued,2
actors,2
pretty,2
Copper,2
xor,2
info,2
Metamask,2
read,2
ChainsightA,2
fascinating,2
JIT,2
detriment,2
mentioned,2
collaboration,2
Gwei,2
divineanarchy,2
anti,2
endpoint,2
protecc,2
Gal,2
Halloween,2
wen,2
sandbox,2
sounds,2
#metamask,2
thx,2
Solution,2
Network,2
popping,2
winner,2
list,2
golang,2
LIVE,2
Stockholm,2
#poap,2
Oct,2
Progress,2
contracts,2
trigger,2
testing,2
music,2
PPIZZ,2
tonight,2
badge#,2
instructions,2
#alchemedia,2
#altcoin,2
#nft,2
rpc,2
stay,2
Current,2
addresses,2
person,2
hidden,2
AMPL,2
improvement,2
official,2
ChainNewscom,2
Devs,2
TaquainTQ,2
artists,2
AMA,2
inception,2
#FairLaunch,2
sound,2
progress,2
#AlchemistRadio,2
#security,2
#frontrun,2
priority,2
Checkout,2
Kudos,2
explore,2
KatevTrainer,2
BoonjiProject,2
hurt,2
owning,2
Wow,2
skyrocket,2
heard,2
flash,2
sandwhich,2
initial,2
inch,2
anime,2
Trading,2
accepting,2
takes,2
#auctions,2
personal,2
favorite,2
games,2
Top,2
capital,2
supporting,2
errors,2
bright,2
exploration,2
super,2
xDai,2
actual,2
esta,2
direct,2
education,2
continues,2
#mevprotection,2
action,2
talent,2
talents,2
researchers,2
stick,2
GrooveStock,2
collectible,2
#groovybot,2
ampl,2
listed,2
flashbot,2
simply,2
handle,2
provide,2
intro,2
nicksdjohnson,2
xDAI,2
landed,2
streaming,2
djmickluvin,2
gwei,2
letting,2
txn,2
cancel,2
proof,2
entire,2
MistX,2
Strikeforce,2
TGS,2
views,2
heart,2
evento,2
vamos,2
eyes,2
dedicated,2
effort,2
continue,2
humble,2
social,2
GitHub,2
online,2
DMs,2
demand,2
behavior,2
ALCHEMIST,2
RADIO,2
Subscribe,2
announcements,2
listening,2
Hard,2
danielesesta,2
EthCC,2
guy,2
ain,2
basket,2
factor,2
Imagine,2
Defi,2
exciting,2
aggregator,2
footsteps,2
tackling,2
led,2
focused,2
lack,2
decreased,2
times,2
Extracted,2
Trade,2
infrastructure,2
POKTnetwork,2
graphprotocol,2
prove,2
#aludelrewards,2
accounting,2
thesis,2
#traders,2
Decentralized,2
#bots,2
rate,2
connects,2
networks,2
Pirate,2
Edition,2
taarushv,2
contribute,2
type,2
held,2
loyalty,2
eating,2
guilds,2
FlashDEX,2
forno,2
gitcoin,2
narrative,2
Low,2
chaordic,2
human,2
coordination,2
feel,2
TheCryptoLark,2
Gasless,2
bet,2
GAS,2
dynamics,2
speed,2
breaking,2
Coincidence,2
stuff,2
road,2
map,2
DYOR,2
encourage,2
benefitting,2
trends,2
shower,2
Round,2
major,2
ARCH,2
solved,2
wei,2
sailing,2
Bots,2
Ray,2
Tracing,2
Agenda,2
Scaling,2
happy,2
irl,2
AmpleforthOrg,2
aronvanammers,2
Nethermind,2
prototype,2
Bootstrapping,2
positive,2
stated,2
yield,2
Issue,2
dropped,2
daily,2
matches,2
Bad,2
Ugly,2
#AlchemistCoin,2
sells,2
letzten,2
Woche,2
PGAs,2
haven,2
bull,2
March,2
diving,2
FRI,2
fifikobayashi,2
lowering,2
insane,2
wake,2
#gas,2
posted,2
github,2
recap,2
Report,2
horror,2
fixed,2
pie,2
slides,2
monthly,2
AriJuels,2
#MEVRoast,2
Master,2
tooling,2
middleware,2
reflexerfinance,2
ArtGeebz,2
graders,2
Ready,2
ftsd,2
practicing,2
presentation,2
Winners,2
twitter,1
accounts,1
tag,1
couple,1
bloc,1
sur,1
deux,1
cours,1
utilise,1
actuellement,1
des,1
conformes,1
PDG,1
#Cointelegraph,1
#BitcoinPrice,1
#BuyBitcoin,1
#CryptocurrencyExchange,1
#MEVboostRelay,1
#Censorship,1
boostRelay,1
CRYPTO,1
NEWS,1
ALERT,1
boostrelay,1
#DOGE,1
Unpacking,1
Censorship,1
Controversy,1
#News,1
cared,1
credibly,1
relaying,1
impose,1
replace,1
hot,1
deserves,1
flack,1
sourced,1
operate,1
preemptively,1
bend,1
regulation,1
exist,1
entity,1
actively,1
contributing,1
legally,1
required,1
rapport,1
chercheur,1
indique,1
essaie,1
conformer,1
nouvelles,1
exigences,1
effet,1
censure,1
cela,1
signifie,1
pour,1
boosted,1
OFAC,1
#SOL,1
#XRP,1
#BNB,1
#TRX,1
#LUNA,1
Toni,1
Hack,1
judges,1
Jonaskristensen,1
Felix,1
Buchert,1
Brainpower,1
heater,1
winter,1
tail,1
difficult,1
Symbolic,1
encodeclub,1
##Ethereum,1
#graph,1
#CoinTelegraph,1
#ContinueReading,1
#Position,1
#FolloMe,1
earns,1
loses,1
Position,1
managed,1
jackpot,1
compatible,1
SiegeRhino,1
Sep,1
Bloomberg,1
indirectly,1
foldfinance,1
Data,1
mevboost,1
dot,1
Profit,1
Ethical,1
Regulated,1
Fears,1
Mount,1
Blocks,1
Relayed,1
#ETHMerge,1
reveals,1
percent,1
#blocks,1
Wallets,1
wow,1
cleanunicorn,1
refers,1
ability,1
insert,1
firewall,1
enters,1
costruisce,1
oltre,1
aumentando,1
centralizzazione,1
BitMEX,1
highlighted,1
redevelopment,1
unforeseen,1
complications,1
Les,1
partisans,1
affirment,1
est,1
une,1
#DAO,1
finira,1
par,1
pensez,1
vous,1
imagine,1
pandemonium,1
launched,1
charts,1
switched,1
#builders,1
externality,1
repeated,1
mitigated,1
primate,1
blockspace,1
POS,1
operational,1
delivered,1
Upgrade,1
Revolutionize,1
Markets,1
sequencing,1
AKA,1
pioneered,1
systems,1
TXs,1
auctioned,1
booted,1
original,1
integral,1
discussed,1
BTC,1
Economics,1
Sept,1
fuel,1
withered,1
SharedStakeOrg,1
upgrades,1
censoring,1
Validators,1
Prysm,1
Collects,1
sharedstake,1
payout,1
lord,1
DOLLARS,1
net,1
average,1
References,1
Takeaway,1
Producers,1
broadcasted,1
lessens,1
activity,1
redistribution,1
mitigations,1
proposed,1
architectures,1
Encrypted,1
Private,1
stealth,1
bloxroute,1
optimism,1
note,1
implementation,1
roles,1
limited,1
subject,1
Finishing,1
#sbc,1
attending,1
#Rook,1
generates,1
redistributing,1
stronger,1
AnotherJannik,1
decryption,1
sbc,1
PDT,1
Shoutouts,1
dedication,1
brilliance,1
annarrose,1
tarunchitra,1
revisit,1
ralexstokes,1
ship,1
coolest,1
spot,1
easter,1
egg,1
#giantcat,1
#MEVs,1
Livestream,1
#podcast,1
#chinese,1
#TornadoCash,1
#Castro,1
#Overcast,1
#Haseeb,1
#Long,1
Range,1
#Weak,1
Subjectivity,1
#NothingAtStake,1
#ProofofCapacity,1
#ProofofWork,1
#OPPO,1
excerpt,1
#blockbuilding,1
life,1
Segunda,1
parte,1
germankuber,1
glxyresearch,1
Beimnet,1
Abebe,1
talked,1
Apple,1
coinbase,1
cbETH,1
PlanckerDao,1
alternative,1
aspects,1
Democratizing,1
percentage,1
prominently,1
Continue,1
deeper,1
Improved,1
DVT,1
involves,1
sequence,1
reorganize,1
opportunity,1
Appearances,1
bantg,1
micahzoltu,1
samkazemian,1
hiframework,1
snx,1
fei,1
tribe,1
rari,1
Avoiding,1
achilles,1
heel,1
FlashBots,1
#Bankless,1
Sounds,1
afraid,1
uncensored,1
secureRPC,1
collecting,1
DEXs,1
makers,1
Figment,1
policy,1
Proposal,1
tilt,1
Unchained,1
Podcast,1
Maximize,1
Debate,1
laurashin,1
#LauraShin,1
#UnchainedPodcast,1
#bloXroute,1
#POS,1
overhaul,1
kingpins,1
#EthereumUpdate,1
#Metamask,1
#UsTreasuryDepartment,1
#Consensys,1
Los,1
riesgos,1
COMPLETO,1
written,1
#ELI,1
language,1
Kryptoria,1
perfectly,1
blocked,1
mass,1
rely,1
revenues,1
concerns,1
Sin,1
embargo,1
recomendaron,1
escriba,1
muchachos,1
Hice,1
eso,1
madrugada,1
muy,1
escribe,1
Pedro,1
dice,1
ayudar,1
Hicimos,1
hasta,1
llamada,1
LearnWeb,1
Senior,1
Track,1
Merkle,1
Trees,1
Architecture,1
Loans,1
entrancy,1
delegatecall,1
Safer,1
randomness,1
Denial,1
Upgradeable,1
Contracts,1
Meta,1
practical,1
Brute,1
#deCentralised,1
integrated,1
finding,1
Matter,1
Frequency,1
#DEXs,1
identify,1
#trades,1
discover,1
#Prototipe,1
Bom,1
dia,1
speakers,1
xmercurius,1
Wednesday,1
solana,1
xIgor,1
gabrielbearlz,1
interview,1
#SolanaMEV,1
Earlier,1
agreed,1
BDN,1
#BSC,1
Bscgemalerts,1
#ape,1
#dApp,1
#MoonkeLabs,1
swarajphadtare,1
BermudezPorto,1
FamKien,1
FalcoXYZ,1
Leo,1
Arias,1
Sedge,1
generate,1
keystore,1
#Kiln,1
#Ropsten,1
#Sepolia,1
credit,1
searched,1
geographically,1
#nodes,1
shave,1
milliseconds,1
#MEVAPI,1
#testnet,1
Growth,1
Plan,1
JailDrop,1
EFccF,1
DDDB,1
FBF,1
Fca,1
LimarisT,1
rest,1
engineering,1
Decrease,1
Strategy,1
black,1
marketplaces,1
thekeep,1
prevents,1
returns,1
indices,1
Rollups,1
safer,1
Additionally,1
considerably,1
FTM,1
WomenofLightNFT,1
aFD,1
yoloholidaynft,1
aAd,1
FunkyForestClub,1
Efb,1
#Frontrunning,1
#Sandwiching,1
Generating,1
forces,1
maximum,1
Interestingly,1
authority,1
articulation,1
counter,1
doc,1
ehh,1
conclusion,1
phenomenon,1
primitive,1
reflect,1
PaidPalsNFT,1
aAe,1
CCAdcc,1
ceFdeeB,1
BeingsDao,1
ApeNightClub,1
AEAA,1
ADABfA,1
skelectables,1
FDe,1
#Arbitrage,1
stored,1
visible,1
Complete,1
CowSwap,1
nice,1
checkout,1
spin,1
#geth,1
half,1
fixes,1
condensors,1
wealth,1
placing,1
remain,1
Luckily,1
AvaxDex,1
FfceC,1
WealthyTeds,1
FeCd,1
Key,1
Solving,1
Woes,1
separation,1
modular,1
decentralization,1
#PBS,1
cybergeniclab,1
DdDaa,1
badgerbuddiez,1
porkchamps,1
fbce,1
Nodes,1
bond,1
Threshold,1
committee,1
Permission,1
slashing,1
Implemented,1
preferably,1
defeat,1
purpose,1
#Tweet,1
students,1
struggle,1
Tron,1
DMing,1
stuck,1
gladly,1
SkyBridgeio,1
fund,1
investor,1
committing,1
deemed,1
pooh,1
poohs,1
#multichain,1
versatile,1
expanded,1
functionality,1
Warp,1
simulate,1
debug,1
trace,1
APIs,1
Guide,1
#bundles,1
questions,1
grateful,1
#searchers,1
explored,1
#Binance,1
#FTX,1
#Sandwich,1
#arb,1
signed,1
capacity,1
Banxa,1
ETh,1
StarkGate,1
StarkNet,1
fills,1
Question,1
choose,1
direction,1
auctioning,1
DCbuild,1
ensdomains,1
mentions,1
redirects,1
aubreydegrey,1
kenny,1
ubuweb,1
Klein,1
Julius,1
Eastman,1
boomkatonline,1
HUO,1
Xenakis,1
Justin,1
Vernon,1
nterdependence,1
FatimaAlQadiri,1
edit,1
prob,1
articolo,1
che,1
introduce,1
Incentivized,1
Mangata,1
#Dotsama,1
#parachain,1
#MangataX,1
#LiquidityMining,1
MGX,1
KSM,1
companies,1
rejected,1
Emailed,1
applied,1
hire,1
SalomonCrypto,1
#minerextractablevalue,1
#txns,1
trash,1
feed,1
named,1
misrepresented,1
spread,1
lies,1
advertising,1
terms,1
#sercher,1
#PGA,1
intervention,1
#BackRunning,1
#SandwichTrading,1
#SalmonellaContract,1
#education,1
reach,1
fewer,1
success,1
Kim,1
Kardashian,1
unaffected,1
Liquidating,1
dem,1
troves,1
describes,1
resembling,1
ridiculously,1
elaborate,1
Rube,1
Goldberg,1
machine,1
cloud,1
counts,1
hiding,1
heap,1
SCBuergel,1
pujaohlhaver,1
glenweyl,1
DeSoc,1
Soulbound,1
SBTs,1
partnering,1
apply,1
visit,1
jobs,1
UnlockProtocol,1
developed,1
oriented,1
spam,1
Moving,1
lowered,1
established,1
gatekeeper,1
database,1
exporer,1
recommend,1
introduced,1
founders,1
explanatory,1
comprehension,1
occurrences,1
Arbitrage,1
chances,1
occur,1
squeezes,1
poisoned,1
frequency,1
volumes,1
grew,1
moves,1
estimated,1
#Etherum,1
Deals,1
ensure,1
receive,1
comparing,1
tactics,1
maximize,1
partnered,1
PRIVATE,1
package,1
lightclients,1
#tooling,1
#cli,1
xkobew,1
defilama,1
familiar,1
Python,1
minter,1
Gelato,1
Supports,1
Flexible,1
methods,1
pre,1
tank,1
sponsorships,1
Txns,1
securely,1
optimized,1
Free,1
Altcoin,1
communities,1
break,1
Altcoins,1
rode,1
hype,1
breakdowns,1
wind,1
trouble,1
understanding,1
detailed,1
explaining,1
nftsenseixyz,1
changer,1
worry,1
#NFTSensei,1
#Gamechager,1
Games,1
playbigtime,1
Gaming,1
unlocking,1
#DAOs,1
successes,1
mistakes,1
#dashboard,1
inspirational,1
yung,1
sxysun,1
manifest,1
embody,1
dream,1
century,1
philosophical,1
movement,1
meetups,1
meetup,1
sparked,1
hub,1
algorithmic,1
bribery,1
mkt,1
depth,1
blew,1
reader,1
measured,1
return,1
POSITIVE,1
ridiculous,1
routing,1
optimizing,1
frustrating,1
characterizing,1
majority,1
smartest,1
bottom,1
hurts,1
maplefinance,1
Whirlpools,1
ORCA,1
Chainflip,1
collaborate,1
innovative,1
thinkers,1
#StarkWare,1
Foundation,1
ecosystems,1
flexible,1
equity,1
Doubling,1
broader,1
series,1
SLOB,1
CLOB,1
leveraging,1
solid,1
IldarGainullin,1
apt,1
#mevday,1
Saavy,1
gigabrains,1
RPCs,1
#ethermine,1
technically,1
rise,1
slots,1
AventusNetwork,1
#Layer,1
Transactions,1
expected,1
processed,1
fashion,1
Aka,1
#MEVProtection,1
#MEVExtraction,1
#Devconnect,1
#Amsterdam,1
reference,1
Chop,1
illuminate,1
epnsproject,1
KiDuniya,1
outsmart,1
friend,1
INR,1
#Mempool,1
rescuing,1
seeds,1
loose,1
Charlie,1
Munger,1
Understanding,1
gabrielhaines,1
Apr,1
speculate,1
speaker,1
organisers,1
miteshmetha,1
request,1
touch,1
fall,1
FairTraDEX,1
stands,1
LefterisJP,1
Mar,1
reaping,1
reinforce,1
inequalities,1
industrialises,1
NXM,1
ofc,1
Spatial,1
#thedefiant,1
#solidity,1
organized,1
edge,1
light,1
exploitable,1
financial,1
#token,1
purchases,1
plugin,1
Bundles,1
#development,1
decided,1
naughty,1
playing,1
flashloans,1
#flashloan,1
flashbotsmev,1
grasp,1
alguien,1
controle,1
pueda,1
explicar,1
como,1
funciona,1
Estoy,1
perdido,1
barco,1
arroz,1
tema,1
empezar,1
#Criptomonedas,1
Jedi,1
solidity,1
legal,1
#SmartContracts,1
#BAYC,1
APE,1
articles,1
developers,1
Technical,1
knowledge,1
realise,1
limits,1
benefits,1
#Marketing,1
Advice,1
avoiding,1
rich,1
amount,1
DoraHacks,1
EthereumDenver,1
swapped,1
ether,1
DustSweeperDAO,1
continuing,1
expand,1
occurring,1
uncle,1
uncled,1
Pool,1
Vault,1
DeribitExchange,1
accept,1
cooperate,1
explorer,1
ALPHA,1
helpful,1
FurusMintClub,1
setting,1
#Alchemy,1
#RPCs,1
mints,1
#NFTCommunity,1
Built,1
Google,1
Chrome,1
extension,1
WIP,1
kinda,1
weird,1
confused,1
form,1
cracking,1
SoftICE,1
ollydbg,1
#MultiChain,1
vulnerable,1
#whitehat,1
fronts,1
fierce,1
operating,1
#gasWars,1
killin,1
vibes,1
gotta,1
parkour,1
gettin,1
outta,1
#LOL,1
priceless,1
waste,1
#gasfee,1
sales,1
Repository,1
url,1
poordart,1
Traders,1
agreeing,1
sandwhiched,1
Monday,1
handling,1
Experience,1
basically,1
sucks,1
kasmiyouness,1
BoredApeYC,1
MAGIC,1
#Sushiswap,1
risking,1
signing,1
offline,1
mem,1
existence,1
blowing,1
loan,1
ignorant,1
abandoning,1
refusing,1
sandwiches,1
Review,1
yesterday,1
Eunicedwong,1
whitehat,1
programme,1
recover,1
chains,1
cosmos,1
POND,1
#Polkadot,1
#cosmos,1
yapabilmemiz,1
olabilir,1
direk,1
madenciye,1
yapabilirsiniz,1
madencinizinde,1
atomik,1
iseniz,1
botun,1
lik,1
brianmcmichael,1
bundling,1
wouldn,1
scammer,1
DAD,1
sweet,1
ohmies,1
atomic,1
sorcery,1
Grim,1
Trigger,1
viable,1
publish,1
seed,1
phrase,1
sweepers,1
cross,1
domain,1
evolution,1
relative,1
newbie,1
movrnetwork,1
blog,1
arpaofficial,1
cryptographer,1
Alex,1
economic,1
cryptography,1
MPC,1
ZKP,1
BSC,1
PoA,1
COUNTDOWN,1
IOSGVC,1
#OldFriendsReunion,1
panel,1
Prevention,1
deligong,1
AutomataNetwork,1
abandeali,1
xproject,1
gnosisPM,1
popular,1
creators,1
developer,1
#Evmos,1
cosmossdk,1
IBC,1
interoperability,1
Shared,1
bootstrap,1
Instant,1
finality,1
ExoticMev,1
encouraging,1
representation,1
CORE,1
#flashnft,1
shmost,1
bout,1
Drained,1
seconde,1
#miner,1
fir,1
#DexRadar,1
#altcoinseason,1
#Bot,1
#CryptocurrencyNews,1
#ScalingSummit,1
hkalodner,1
AxieInfinity,1
jaosef,1
aztecnetwork,1
ranyi,1
WOOnetwork,1
xferg,1
Immutable,1
LiquityProtocol,1
RuneKek,1
sat,1
Specialist,1
viktorbunin,1
Bison,1
Trails,1
founding,1
Naturally,1
stakefish,1
congrats,1
careful,1
relying,1
EOA,1
checks,1
violate,1
subsequent,1
Nov,1
formed,1
proposing,1
bulls,1
memes,1
books,1
opaque,1
predatory,1
HFT,1
Algo,1
stables,1
pseudo,1
IOUs,1
shady,1
gains,1
movers,1
altemark,1
speak,1
English,1
suggesting,1
Launch,1
considers,1
vetting,1
heat,1
ENS,1
sweeper,1
recalls,1
bug,1
threat,1
updated,1
#Bowswap,1
frequently,1
requested,1
FAQ,1
Protection,1
donation,1
protests,1
FEES,1
FAILED,1
TRANSACTIONS,1
couldn,1
easier,1
Bot,1
operators,1
CityViator,1
ChainLinkGod,1
promised,1
conversation,1
boyish,1
charm,1
presently,1
sophisticated,1
uniswap,1
LPs,1
quesitons,1
percieve,1
tax,1
backrunning,1
surge,1
timing,1
coincides,1
cricap,1
kryptoS,1
shoulda,1
nfts,1
smart,1
overpaid,1
ama,1
collator,1
scheme,1
Polka,1
undervalued,1
Hear,1
contributor,1
#ethergals,1
#protecc,1
artwork,1
site,1
inspiration,1
EtherGal,1
#ethergal,1
#nftartwork,1
#nfts,1
#protec,1
MISTery,1
Masquerade,1
CST,1
jumping,1
phone,1
achieving,1
Human,1
psychology,1
happier,1
lawyer,1
MMO,1
Extending,1
#GETH,1
revealing,1
posting,1
failure,1
Art,1
#votes,1
vote,1
favorites,1
#artist,1
#nftcollector,1
#wizardry,1
primer,1
Connecting,1
provider,1
startup,1
Cloudflare,1
secure,1
http,1
traffic,1
clean,1
protects,1
swapping,1
hundreds,1
thousands,1
Crucial,1
Flashbotsmev,1
supports,1
minutes,1
feat,1
Broadcasting,1
Tomorrow,1
Thursdays,1
cloned,1
SpaceCats,1
Ronin,1
Goerli,1
script,1
timestamp,1
implemented,1
monitoring,1
events,1
auto,1
unpause,1
host,1
mempoolclub,1
Clicked,1
frontrunned,1
doubts,1
pee,1
YTers,1
covering,1
crucial,1
House,1
LVE,1
#twitch,1
Twitch,1
Central,1
marathon,1
transact,1
ANON,1
tired,1
missing,1
#NFTdrops,1
#flasbotsrpc,1
teach,1
kids,1
educate,1
masses,1
riteshsriv,1
#IdiotSandwich,1
Nooice,1
churchee,1
eclectic,1
mixtape,1
fireside,1
prepared,1
suitable,1
SHIB,1
LEASH,1
ELON,1
AKITA,1
metaverse,1
realChainDoctor,1
Notable,1
developments,1
including,1
protections,1
etherscan,1
enthusiasts,1
trail,1
MetaMaskSupport,1
#hacked,1
secrets,1
CTRL,1
Testing,1
wrapper,1
interface,1
Unwrapping,1
funniest,1
isht,1
proudly,1
Fantom,1
Host,1
minuted,1
xfoobar,1
trillionUSD,1
coverage,1
#Cryptos,1
#communitycall,1
Algunos,1
temas,1
Rugs,1
drenado,1
wallets,1
acuerdan,1
validadores,1
aumentar,1
tarifa,1
puntos,1
Unite,1
tracks,1
plays,1
#NewMusic,1
#Ethermine,1
pos,1
reward,1
MuchGains,1
presale,1
monitor,1
guiiheise,1
profitable,1
analytics,1
ton,1
KST,1
sale,1
Music,1
producers,1
djs,1
hosting,1
creative,1
yfi,1
iearnfinance,1
#alliance,1
unsandwiched,1
ohmmmmmmmmist,1
ohm,1
#ohmies,1
OlympusDAO,1
France,1
Ohm,1
forrest,1
#audit,1
fav,1
topics,1
denying,1
#NFTproject,1
fraction,1
announces,1
integration,1
continually,1
exploited,1
#frontrunners,1
message,1
Dude,1
Dudette,1
#frontrunprotection,1
cash,1
TRADE,1
fekideniis,1
clue,1
PROTECT,1
CASH,1
IYKYK,1
boys,1
predicted,1
absorbed,1
nethash,1
shutdowns,1
MATIC,1
payouts,1
thresholds,1
#BusinessAsUsual,1
#ChinaFUD,1
mega,1
supposed,1
mistaken,1
txids,1
#Service,1
#Enable,1
Skip,1
Transaction,1
Networks,1
detection,1
recovery,1
exclusive,1
commentaries,1
fighting,1
fairly,1
anonymous,1
Worsley,1
relationships,1
represented,1
characters,1
#CryptoCrap,1
#FrontRun,1
Ether,1
Coin,1
Purchases,1
maneuver,1
turkey,1
caught,1
middle,1
#noplan,1
inherently,1
manner,1
democratically,1
Hot,1
#fair,1
hands,1
funny,1
robotosNFT,1
wink,1
watchful,1
protector,1
lightning,1
talks,1
mates,1
beats,1
TEDTalks,1
NES,1
Security,1
epic,1
ACE,1
openmev,1
symbolic,1
Jane,1
Street,1
JaneStreetGroup,1
Shaw,1
DEShawGroup,1
Blackrock,1
blackrock,1
CMS,1
cmsintern,1
jump,1
jumptrading,1
assembled,1
opposite,1
sunrise,1
experiences,1
woke,1
west,1
fixing,1
east,1
comprehensive,1
Feel,1
correct,1
misunderstandings,1
#eli,1
shadowy,1
doabarrelrolol,1
draw,1
#Gundam,1
COPPER,1
CybertoothKat,1
Jam,1
#Samiches,1
#NFTGiveaway,1
Sabes,1
FLASHBOTS,1
nueva,1
Code,1
Hacks,1
conoce,1
mano,1
ernestognw,1
pierdas,1
septiembre,1
hrs,1
stonecoldpat,1
remember,1
Stephan,1
inagural,1
integrating,1
Powered,1
Stack,1
nodes,1
ethers,1
submit,1
Tutorial,1
FakeArtMinter,1
Wrote,1
programmatically,1
assure,1
neatest,1
releasing,1
walking,1
bored,1
vaynernft,1
usopen,1
poapxyz,1
institutions,1
#FairLaunches,1
Absolute,1
pleasure,1
honesty,1
collab,1
r#radiohotline,1
rebased,1
EPOCH,1
farewell,1
groovybot,1
Sunday,1
August,1
copper,1
library,1
leveraged,1
illuminated,1
Love,1
efforts,1
combatting,1
beginners,1
pushed,1
Pooja,1
invited,1
summary,1
nowadays,1
combine,1
incoming,1
normies,1
floor,1
#Punks,1
Collaboration,1
supercharge,1
secondary,1
#PEEPanEIP,1
gubsheep,1
cooperation,1
delivers,1
prepare,1
Swaraj,1
London,1
family,1
guarantee,1
Spanish,1
Russian,1
French,1
Korean,1
Arabic,1
global,1
summer,1
consistently,1
annoying,1
WeCanDrawThat,1
ParallelNFT,1
alchemists,1
#chaos,1
lab,1
discussing,1
deploying,1
#shadowysupercoders,1
CybertoothK,1
Alchy,1
dApps,1
sweeeeeet,1
roll,1
paused,1
condition,1
Vogus,1
represents,1
putting,1
pieces,1
exchange,1
helping,1
xWILD,1
crazy,1
assistance,1
Tom,1
foolery,1
Buterins,1
sake,1
Richard,1
fur,1
silly,1
Meet,1
LOADOUT,1
heroic,1
#nftartist,1
mistake,1
conversations,1
#Cosmos,1
shoutout,1
Sending,1
cgst,1
samczsun,1
interacts,1
corrective,1
Removing,1
deterministic,1
strikes,1
#London,1
published,1
#Nethermind,1
analyses,1
evaluates,1
Tim,1
Roughgarden,1
Whitehat,1
recovered,1
phishing,1
saved,1
#custodial,1
#Wallet,1
contribution,1
dejen,1
ver,1
esto,1
Hilo,1
ayer,1
posible,1
proposer,1
constructores,1
bloques,1
Vitalik,1
placer,1
aprendizaje,1
constante,1
trabajar,1
Fua,1
Sandra,1
hacer,1
agosto,1
nivel,1
Solo,1
queda,1
invitar,1
ChrisBlec,1
ponerlo,1
pelear,1
inaltswetrust,1
dunno,1
tearing,1
reminded,1
FRP,1
inform,1
Pandora,1
box,1
researching,1
fudging,1
Alchemists,1
training,1
DJs,1
musicians,1
origins,1
rock,1
creations,1
Chart,1
Week,1
Nowadays,1
partners,1
xdaichain,1
energywebx,1
Holis,1
vayan,1
estar,1
martriay,1
moderados,1
hablando,1
Foto,1
algoritmo,1
lol,1
leer,1
esperamos,1
ARG,1
conversar,1
aprender,1
comunidad,1
habilitar,1
espacio,1
preguntas,1
express,1
media,1
disappoint,1
censor,1
FaxReturn,1
apparent,1
capturing,1
allowing,1
normal,1
Saving,1
#Gas,1
BlocksterCom,1
Collected,1
forgottenrunes,1
wizard,1
Crucibles,1
promises,1
xMaki,1
ees,1
GSN,1
dapp,1
#alchemistcrucible,1
notes,1
Mapping,1
Space,1
App,1
Democratization,1
xProject,1
Playing,1
NASA,1
Golden,1
Record,1
Voyager,1
#radio,1
subscribe,1
tab,1
AIR,1
Unclear,1
liquidators,1
statistics,1
larger,1
Summit,1
bullish,1
recording,1
mark,1
picks,1
Mentions,1
Escape,1
Apex,1
Predators,1
crucibles,1
stopping,1
anytime,1
FloatProtocol,1
scored,1
Boosted,1
FLOAT,1
dydxprotocol,1
loans,1
pure,1
Dutch,1
SmokeHaze,1
imo,1
Team,1
evolving,1
LBP,1
ZayLaSoul,1
agree,1
accomplished,1
massive,1
guesstimate,1
owner,1
deal,1
split,1
#privatetransaction,1
bypass,1
#magic,1
shortcoming,1
changing,1
perfect,1
improves,1
greatly,1
aligning,1
everyones,1
requiring,1
solving,1
misalignment,1
Landing,1
Dat,1
clarify,1
Limit,1
goal,1
decentralize,1
closed,1
decision,1
replaced,1
##mist,1
crisis,1
explained,1
Tuesday,1
exceptional,1
guests,1
SkillZBlock,1
Register,1
wisdom,1
#EveryoneWins,1
Fast,1
Total,1
metrics,1
Helium,1
Size,1
YoY,1
Hashpower,1
Apps,1
Staking,1
Processed,1
Queries,1
Editor,1
WOW,1
enjoying,1
STOLEN,1
convince,1
stats,1
woof,1
juicy,1
filling,1
thinking,1
#universalvault,1
flowing,1
explainer,1
#vaildators,1
University,1
hitting,1
Issa,1
Shoutout,1
Matt,1
Cutler,1
Dont,1
papierhaende,1
Archerswap,1
Cowswap,1
DEXes,1
#EthMevAttacks,1
#Mev,1
#Getpaid,1
#Cowswap,1
#Gnosis,1
#ArcherDao,1
#Crucible,1
#AludelRewards,1
pulling,1
pseudonyms,1
fantasy,1
football,1
style,1
league,1
Exchanges,1
leader,1
hash,1
offer,1
reimburse,1
Captain,1
#Pirates,1
Quartermaster,1
#pirates,1
hopeless,1
meta,1
donvincenz,1
ZiggyCoinDust,1
badass,1
#FlashMERCH,1
#AlcheMERCH,1
#justthetip,1
Cheaper,1
Front,1
unlocks,1
magic,1
FloydMayweather,1
Bout,1
#billionaire,1
Level,1
skillz,1
#gaswars,1
sight,1
sore,1
lunch,1
card,1
restaurant,1
ate,1
entitling,1
#takethewholesandwivh,1
xtuba,1
clans,1
sci,1
olympics,1
stand,1
beloved,1
Mint,1
precious,1
misties,1
sprinkled,1
Novo,1
Criptomoeda,1
Primeira,1
Exchange,1
baseada,1
Kek,1
FeelsGoodMan,1
MINT,1
SWAP,1
novo,1
gravado,1
assunto,1
problema,1
hora,1
deve,1
sair,1
pronto,1
ser,1
consumido,1
#gasfees,1
absolute,1
ripper,1
#etherium,1
swapp,1
moved,1
overview,1
sassal,1
SetProtocol,1
absolutely,1
amaing,1
possilbe,1
virtually,1
LOVE,1
Prevent,1
charge,1
damn,1
pocket,1
sized,1
targeted,1
robbed,1
emerge,1
environment,1
misaligned,1
fragile,1
overcomes,1
fallacies,1
failures,1
balance,1
naked,1
liberating,1
reviewing,1
circumvent,1
sui,1
arrived,1
Acabei,1
fazer,1
NOSSA,1
comprei,1
mais,1
essa,1
inovadora,1
Voce,1
faz,1
sem,1
pagar,1
ela,1
usa,1
porem,1
feita,1
somente,1
uma,1
assinatura,1
taxa,1
embutida,1
Extraction,1
Explains,1
staying,1
#Saveyourgasfees,1
mcuban,1
Gensler,1
cryptosphere,1
hop,1
Feather,1
cap,1
SurfTranquille,1
Realized,1
volatility,1
justify,1
range,1
fundamentally,1
sex,1
cheaper,1
bux,1
unexpected,1
#SushiSwap,1
revolutionary,1
Shout,1
influencer,1
stewards,1
stewardship,1
adopting,1
spite,1
Hashrate,1
migration,1
cut,1
countdown,1
#mememagick,1
#GaslessDEX,1
#MEVcrisis,1
#MemeMagick,1
curiously,1
unique,1
#DegenStuff,1
ethos,1
reputation,1
promise,1
deliver,1
Rick,1
Morty,1
visited,1
cheapest,1
Iykyk,1
mando,1
favor,1
immune,1
#ct,1
#cryptocurrencies,1
#fintech,1
Bribes,1
completed,1
history,1
cancelled,1
sign,1
coins,1
Bundle,1
Explorer,1
handy,1
showcasing,1
flashblock,1
supporters,1
stakeholders,1
mutually,1
equitable,1
inclusion,1
connected,1
Teacher,1
disciple,1
Live,1
sprinkling,1
largest,1
difficulty,1
adjustments,1
news,1
Ravencoin,1
firoorg,1
Dashpay,1
beamprivacy,1
HNS,1
brings,1
#FSS,1
#Arbitrum,1
LINK,1
blessings,1
casting,1
reduction,1
spells,1
pump,1
Pretty,1
ELI,1
drakefjustin,1
ALC,1
PTO,1
Basically,1
bribe,1
#Alchememe,1
Mistx,1
#zerogasfee,1
mistx,1
scoring,1
waves,1
Bought,1
dip,1
sleeve,1
tattooed,1
moons,1
#ETHGasPrice,1
podcast,1
moment,1
sessions,1
weekly,1
flashback,1
fluid,1
bullshit,1
productive,1
genuine,1
pleasant,1
Mad,1
#keeperDAO,1
SCRT,1
#ArcherDAO,1
coingecko,1
announcement,1
textazz,1
Ferrell,1
LMAO,1
hunts,1
Zeneth,1
superpowers,1
varying,1
input,1
ultimately,1
ideation,1
surprised,1
natively,1
understands,1
universe,1
OpenZeppelin,1
Alejo,1
quantum,1
physics,1
Unlimited,1
honored,1
gif,1
Major,1
constitute,1
War,1
Bandits,1
Uncles,1
#Scaling,1
Release,1
Dial,1
hackathon,1
intensive,1
hack,1
danhwang,1
incentivize,1
iteration,1
retro,1
master,1
CONTINUE,1
START,1
Disheartening,1
mucking,1
#shiba,1
plz,1
hangout,1
feels,1
meeting,1
brilliant,1
timezone,1
masquerade,1
aliens,1
Jackie,1
Liu,1
internships,1
Rayonism,1
play,1
aggregators,1
Multi,1
stage,1
reviewer,1
SGX,1
spec,1
thon,1
autonomous,1
organizations,1
watch,1
Consensys,1
#Stablecoin,1
Projects,1
consideration,1
funding,1
Moloch,1
EthCatHerders,1
DeathGuild,1
outsmarts,1
#frontrunningbot,1
dichotomy,1
fought,1
eliminated,1
costing,1
prevented,1
spoiling,1
strange,1
opinion,1
seeks,1
normalize,1
siphon,1
confusion,1
governs,1
agnostic,1
#UniV,1
#GasslessDex,1
opinions,1
purely,1
speculative,1
conduct,1
conclusions,1
boxmining,1
farming,1
governance,1
Bir,1
arbirraj,1
botu,1
bekleyen,1
bir,1
olarak,1
#kriptopara,1
#kripto,1
Force,1
underestimated,1
extent,1
responsible,1
huh,1
BOW,1
MAKERS,1
GWEI,1
frends,1
Healthy,1
retracement,1
literally,1
insanely,1
religion,1
secretly,1
lines,1
VISR,1
featuring,1
Highlights,1
queries,1
numerai,1
stakers,1
earning,1
APY,1
moo,1
sandwitch,1
traps,1
Daian,1
riddle,1
figured,1
puzzle,1
dots,1
backer,1
educational,1
Oiler,1
#Oiler,1
busy,1
native,1
#derivatives,1
Alice,1
Bob,1
match,1
excess,1
settled,1
professional,1
solvers,1
tight,1
bounds,1
EPISODE,1
brains,1
Tiefseher,1
Guckt,1
euch,1
bitte,1
die,1
Werte,1
verleihen,1
Noticed,1
dropping,1
cliff,1
meets,1
eye,1
#MIST,1
#UNIV,1
rug,1
pull,1
mandatory,1
audit,1
eip,1
july,1
STAK,1
Vermutlich,1
dank,1
erlebt,1
vor,1
bereits,1
heute,1
deutlich,1
niedrigere,1
Fees,1
heads,1
Episode,1
noticed,1
changed,1
sort,1
peace,1
TRUST,1
DEVELOPERS,1
COMMUNITY,1
SOLVING,1
greed,1
gangsters,1
noob,1
marks,1
newly,1
rolled,1
size,1
Die,1
Gasfees,1
sinken,1
dramatisch,1
Stecken,1
neuartige,1
dahinter,1
oder,1
doch,1
nur,1
das,1
Abwandern,1
zur,1
#binance,1
decline,1
deployment,1
deployed,1
#mining,1
#hashrate,1
improve,1
clips,1
Cryptos,1
stream,1
Design,1
humans,1
ferocious,1
pvp,1
killers,1
challenge,1
achievers,1
quest,1
explorers,1
Nature,1
healing,1
capture,1
expect,1
move,1
lordy,1
gifted,1
incredible,1
figure,1
climbing,1
profound,1
budget,1
diary,1
catch,1
schedule,1
shout,1
Special,1
investigations,1
uncovered,1
instance,1
#Chainlink,1
Sequencing,1
Services,1
FSS,1
DONs,1
Awesome,1
Typical,1
nerd,1
Medium,1
comms,1
keeping,1
incentivises,1
fights,1
solves,1
bloated,1
baby,1
ultrasound,1
roadmap,1
zksync,1
zkPorter,1
paving,1
Haha,1
savage,1
Grey,1
Fox,1
#Flashboys,1
fan,1
AndreCronjeTech,1
beg,1
attracting,1
founder,1
TOKEN,1
noisy,1
skip,1
critical,1
AVENGERS,1
slice,1
Recording,1
repo,1
Slides,1
Happening,1
sneak,1
peek,1
preview,1
Binance,1
Smart,1
LukeYoungblood,1
suryabakshi,1
kafka,1
Terms,1
Conditions,1
Policy,1
debacle,1
picking,1
Rook,1
reduces,1
acting,1
Vote,1
BasketDAOOrg,1
collapse,1
effectively,1
Median,1
wanna,1
legends,1
bananas,1
translated,1
Azerbaijani,1
euro,1
vibe,1
complex,1
rigorous,1
addition,1
accurate,1
infra,1
pending,1
fed,1
feedback,1
loop,1
Leorzhang,1
DirSchmidt,1
TOCTOU,1
mechanic,1
modern,1
assembly,1
management,1
delegate,1
journal,1
periodically,1
review,1
decisions,1
#defiantweekly,1
looked,1
Eastern,1
European,1
Azerbaijan,1
entertaining,1
informative,1
content,1
Enter,1
terrifying,1
Hope,1
justice,1
beautiful,1
compassionate,1
engages,1
deteriorates,1
lzhou,1
KaihuaQIN,1
aware,1
Centralized,1
worse,1
cleaner,1
#cryptocurrency,1
#AMM,1
#Dex,1
quentinc,1
highlight,1
nuanced,1
degrades,1
gigantic,1
cuts,1
fundamental,1
triggered,1
Prof,1
Ari,1
Juels,1
independent,1
view,1
runned,1
diligent,1
receiving,1
phase,1
payments,1
grown,1
magnitude,1
argument,1
FaaS,1
MEVA,1
researched,1
outline,1
word,1
seek,1
systematically,1
exploiting,1
ittayeyal,1
Cornell,1
initc,1
TechnionLive,1
buy,1
blame,1
TheMadYatter,1
Peep,1
bear,1
shit,1
woods,1
wrangler,1
lively,1
AFDudley,1
adietrichs,1
nanexcool,1
abstraction,1
Timestamp,1
Blockspace,1
Bazaar,1
Future,1
Easter,1
Egg,1
hilariously,1
zoom,1
bombed,1
joke,1
logical,1
advantages,1
hacks,1
shape,1
chess,1
magician,1
tips,1
Godmode,1
search,1
Executed,1
pager,1
duty,1
brute,1
spamming,1
nomadic,1
hackathons,1
warriors,1
automate,1
magicians,1
Inclusion,1
position,1
positions,1
hockey,1
averaging,1
additional,1
distributes,1
onboard,1
Spider,1
Spiderpool,1
#cryptomining,1
Sandwich,1
tainted,1
reported,1
loss,1
Portal,1
download,1
emerging,1
#infra,1
#CryptoPunks,1
visavishesh,1
bounty,1
Announcing,1
lineup,1
#cryptopunks,1
Analysis,1
Thrilled,1
Start,1
Sign,1
newsletter,1
portal,1
teleports,1
bidder,1
destination,1
exposing,1
coordinate,1
advanced,1
predators,1
beat,1
trick,1
#ERC,1
PST,1
Update,1
Link,1
category,1
#gpumining,1
collateral,1
causing,1
sunnya,1
EliBenSasson,1
YaelDoweck,1
SecretNetwork,1
kisaguncan,1
valardragon,1
matter,1
metric,1
animal,1
mascot,1
Dream,1
steps,1
GETH,1
Woke,1
channels,1
received,1
Props,1
fishkiller,1
translating,1
judging,1
promote,1
FlashTrash,1
celebration,1
Wooo,1
Hooo,1
compete,1
winning,1
Champion,1
advancing,1
Woo,1
hoo,1
Enjoying,1
hallway,1
playground,1
Saturday,1
gettting,1
choreo,1
#popping,1
#strutting,1
#tutting,1
#Leveluppgh,1
leveluppgh,1
leopopmusic,1
#CityShaper,1
season,1
Riverfront,1
dance,1
Excited,1
FlashGlasses,1
presentations,1
Heading,1
Practice,1
posters,1
#Riverfrontrocks,1
